Lesson goalsþObjetivos de la lecciónþObjectifs du coursþNota de Tradução : Alguns termos , por aparecerem constantemente e facilitarem a interpretação das imagens , apenas foram propositadamente traduzidos uma vez e serão colocados entre parênteses em português na primeira vez que surgem . Objetivos da lição
Don ’ t take your data at face value . That is the key message of this tutorial which focuses on how scholars can diagnose and act upon the accuracy of data .þNo confíes ciegamente en tus datos . Ese es el mensaje clave de este tutorial que se centra en mostrar cómo los investigadores pueden diagnosticar y proceder sobre la exactitud de los datos .þNe faites pas confiance à vos données : c'est le message-clé de ce tutoriel qui se concentre sur la façon dont les chercheurs et chercheuses peuvent évaluer et agir sur l'exactitude des données .þNão aceite os dados tal como são apresentados . Esta é a principal mensagem deste tutorial que se foca na forma como os usuários podem diagnosticar e agir perante a precisão dos dados .
In this lesson , you will learn the principles and practice of data cleaning , as well as how OpenRefine can be used to perform four essential tasks that will help you to clean your data :þEn esta lección aprenderás los principios y la práctica de la limpieza de datos , así como la forma de usar OpenRefine para realizar cuatro tareas esenciales que te ayudarán a limpiar tus datos :þDans ce cours , vous apprendrez les principes et la pratique du nettoyage de données , ainsi que la façon dont OpenRefine peut être utilisé pour effectuer quatre tâches essentielles qui vous aideront à nettoyer ces données :þNesta lição , o usuário vai aprender os princípios e a prática da limpeza de dados , ao mesmo tempo que aprende como é que o OpenRefine ( em inglês ) pode ser utilizado para realizar quatro tarefas essenciais que vão ajudar na limpeza de dados :
Remove duplicate recordsþEliminar registros duplicadosþsupprimer les doublons ;þRemover registos duplicados
Separate multiple values contained in the same fieldþSeparar varios valores contenidos en el mismo campoþséparer plusieurs valeurs contenues dans un même champ ;þSeparar múltiplos valores contidos no mesmo campo
Analyse the distribution of values throughout a data setþAnalizar la distribución de valores a lo largo de un conjunto de datosþanalyser la distribution des valeurs dans un ensemble de données ;þAnalisar a distribuição de valores ao longo do Dataset
Group together different representations of the same realityþAgrupar diferentes representaciones de la misma realidadþregrouper différentes représentations de la même réalité .þAgrupar diferentes representações da mesma realidade
These steps are illustrated with the help of a series of exercises based on a collection of metadata from the Powerhouse museum , demonstrating how ( semi- ) automated methods can help you correct the errors in your data .þEstos pasos se ilustran con la ayuda de una serie de ejercicios basados en una colección de metadatos del Museo Powerhouse , que demuestran cómo los métodos ( semi- ) automatizados pueden ayudarte a corregir los errores que puedan presentar tus datos .þCes étapes sont illustrées à l'aide d'une série d'exercices basés sur une collection de métadonnées du Powerhouse museum , démontrant comment les méthodes ( semi- ) automatisées peuvent vous aider à corriger les erreurs dans vos données .þEstes passos são explicitados com a ajuda de uma série de exercicios baseados na coleção de metadados do Powerhouse ( em inglês ) , demonstrando , assim , como métodos ( semi ) automáticos podem ajudar na correção de erros dos dados .
Why should historians care about data quality ?þ¿Por qué los historiadores deben preocuparse por la calidad de los datos ?þPourquoi les historiens et les historiennes devraient-ils se préoccuper de la qualité de leurs données ?þPorque é que os historiadores devem se preocupar com a qualidade dos dados ?
Duplicate records , empty values and inconsistent formats are phenomena we should be prepared to deal with when using historical data sets .þLos registros duplicados , los valores vacíos y los formatos inconsistentes son fenómenos para los que debemos estar preparados cuando se usan conjuntos de datos históricos .þLes doublons , les valeurs vides et les formats incohérents sont des phénomènes auxquels nous devrions être prêt ( e ) s à faire face lorsque nous utilisons des ensembles de données historiques .þRegistros duplicados , valores vazios e formatos incossistentes são fenómenos com os quais devemos estar preparados para lidar quando utilizamos data sets históricos .
This lesson will teach you how to discover inconsistencies in data contained within a spreadsheet or a database .þEsta lección te enseñará a descubrir las inconsistencias en los datos incluidos en una hoja de cálculo o en una base de datos .þCe cours vous apprendra à détecter les incohérences dans les données contenues dans une feuille de calcul ou une base de données .þEsta lição vai ensinar o usuário a descobrir inconsistências nos dados contidos em tabelas ou bases de dados .
As we increasingly share , aggregate and reuse data on the web , historians will need to respond to data quality issues which inevitably pop up .þA medida que incrementamos el compartir , agregar y reutilizar datos en la web , los historiadores tendrán que responder a los problemas de calidad de los datos que inevitablemente aparecerán .þL'accroissement des pratiques de partage , de regroupement et de réutilisation de données , par ailleurs de plus en plus nombreuses sur le Web , obligent les historiens et les historiennes à agir face aux problèmes inévitables de qualité des données .þÀ medida que , cada vez mais , partilhamos , agregamos e reutilizamos dados na web , os historiadores terão uma maior necessidade de responder a problemas inevitáveis associados à qualidade dos dados .
Using a program called OpenRefine , you will be able to easily identify systematic errors such as blank cells , duplicates , spelling inconsistencies , etc . OpenRefine not only allows you to quickly diagnose the accuracy of your data , but also to act upon certain errors in an automated manner .þUsando un programa llamado [ OpenRefine ] , podrás identificar fácilmente errores sistemáticos tales como celdas en blanco , duplicados , inconsistencias de ortografía , etc. [ OpenRefine ] no sólo te permite diagnosticar rápidamente la exactitud de tus datos , sino también actuar sobre ciertos errores de forma automatizada .þGrâce à l'utilisation d ' OpenRefine , vous pourrez facilement identifier les erreurs récurrentes telles que des cellules vides , des doublons , des incohérences orthographiques , etc . OpenRefine vous permet non seulement d'avoir un diagnostic rapide sur la qualité de vos données , mais aussi d'agir sur certaines erreurs de manière automatisée .þUtilizando um programa chamado OpenRefine , o usuário será capaz de identificar facilmente erros sistemáticos , tais como células em branco , duplicações , inconsistências ortográficas , etc. O OpenRefine não só permite um diagnóstico rápido da precisão dos dados , mas também age perante certos erros de forma automática .
Description of the tool : OpenRefineþDescripción de la herramienta : OpenRefineþDescription de l'outil OpenRefineþDescrição da ferramenta : OpenRefine
In the past , historians had to rely on information technology specialists to diagnose data quality and to run cleaning tasks .þTiempo atrás los historiadores debieron confiar en los especialistas en tecnologías de la información para diagnosticar la calidad de los datos y ejecutar tareas de limpieza .þDans le passé , les historiens et les historiennes devaient compter sur des spécialistes des technologies de l'information pour avoir un diagnostic sur la qualité des données et exécuter des tâches de nettoyage .þNo passado , os historiadores dependiam de especialistas em tecnologias da informação para diagnosticar a qualidade dos dados e para executar tarefas de limpeza dos mesmos .
This required custom computer programs when working with sizeable data sets .þEstas tareas requerían el uso de programas de ordenador personalizados cuando se trabajaba con conjuntos de datos de gran tamaño .þCela nécessitait la création de programmes informatiques sur mesure lorsque vous travailliez avec des ensembles de données importants .þIsto exigia programas computacionais personalizados quando se trabalhava com data sets consideráveis .
Luckily , the advent of Interactive Data Transformation tools ( IDTs ) now allows for rapid and inexpensive operations on large amounts of data , even by professionals lacking in-depth technical skills .þPor suerte , el advenimiento de las herramientas de transformación interactiva de datos ( Interactive Data Transformation - IDTs ) permiten realizar actualmente operaciones rápidas y económicas sobre grandes cantidades de datos , incluso realizadas por profesionales que carecen de amplias habilidades técnicas .þHeureusement , l'avènement des outils de transformation interactive de données permet désormais de réaliser des opérations rapides et peu coûteuses sur de grandes quantités de données , même effectuées par des professionnel ( le ) s sans compétences informatiques approfondies .þFelizmente , o surgimento de Ferramentas Interativas de Transformação de Dados ( Interactive Data Transformation tools , ou IDTs em inglês ) , permite que até profissionais sem habilidades técnicas aprofundadas possam realizar operações rápidas e baratas em grandes data sets .
IDTs resemble the desktop spreadsheet software we are all familiar with , and they share some common functionalities .þLas IDTs se asemejan a los programas de hojas de cálculo de escritorio con los que todos estamos familiarizados , con los que comparten algunas funcionalidades .þLes outils de transformation interactive de données ressemblent aux tableurs de bureau que nous connaissons tous , et partagent avec eux certaines fonctionnalités .þAs Ferramentas Interativas de Transformação de Dados assemelham-se às tabelas de dados do desktop com as quais estamos familiarizados , chegando a partilhar funcionalidades com as mesmas .
You can for example use an application such as Microsoft Excel to sort your data based on numerical , alphabetical and custom-developed filters , which allows you to detect errors more easily .þPor ejemplo , puedes utilizar una aplicación como Microsoft Excel para ordenar los datos basándote en filtros numéricos , alfabéticos y desarrollados a medida , lo que te permite detectar errores con mayor facilidad .þVous pouvez par exemple utiliser une application telle que Microsoft Excel pour trier vos données en fonction de filtres numériques , alphabétiques ou personnalisés , ce qui vous permet de détecter plus facilement les erreurs .þO usuário pode , por exemplo , usar aplicações como o Microsoft Excel para organizar os seus dados com base em vários filtros , sejam eles numéricos , alfabéticos ou até personalizados , o que permite detetar erros mais facilmente .
Setting up these filters in a spreadsheet can be cumbersome , as they are a secondary functionality .þConfigurar estos filtros en una hoja de cálculo puede resultar difícil , ya que son una funcionalidad secundaria .þLa configuration de ces filtres dans une feuille de calcul peut être fastidieuse , car il s'agit d'une fonctionnalité secondaire .þConfigurar estes filtros em tabelas de dados pode ser complicado , já que estes são uma função secundária do software .
On a more general level , we could say that spreadsheets are designed to work on individual rows and cells , whereas IDTs operate on large ranges of data at once .þDe forma genérica se puede decir que las hojas de cálculo están diseñadas para trabajar en filas y celdas individuales mientras que las IDTs operan en grandes rangos de datos a la vez .þSur un plan plus général , nous pourrions dire que les tableurs sont conçus pour fonctionner sur des lignes et des cellules individuelles , alors que les outils de transformation interactive de données fonctionnent sur de grandes plages de données à la fois .þGeralmente , podemos dizer que as tabelas de dados são projetadas para funcionar em linhas ou células individuais , enquanto as Ferramentas Interativas de Transformação de Dados operam em grandes intervalos de dados ao mesmo tempo .
These 'spreadsheets on steroids ' offer an integrated and user-friendly interface through which end users can detect and correct errors .þEstas “ super-hojas de cálculo ” ofrecen una interfaz integrada y fácil de usar a través de la cual los usuarios finales pueden detectar y corregir errores .þCes « tableurs surpuissants » offrent une interface intégrée et conviviale à travers laquelle les utilisateurs finaux peuvent détecter et corriger les erreurs .þEstas `` Tabelas de dados em esteroides '' fornecem uma interface integrada e amigável através da qual os usuários finais podem detetar e corrigir erros .
Several general purpose tools for interactive data transformation have been developed in recent years , such as Potter ’ s Wheel ABC and Wrangler .þEn los últimos años se han desarrollado varias herramientas de propósito general para la transformación interactiva de datos , tales como Potter ’ s Wheel ABC y Wrangler ( actualmente Trifacta Wrangler ) .þPlusieurs outils généralistes pour la transformation interactive des données ont été développés ces dernières années , tels que Potter ’ s Wheel ABC et Wrangler .þNos últimos anos , têm sido desenvolvidas várias ferramentas para a transformação de dados interativos , tais como Potter ’ s Wheel ABC ( em inglês ) e Wrangler ( em inglês ) .
Here we want to focus specifically on OpenRefine ( formerly Freebase Gridworks and Google Refine ) , as in the opinion of the authors , it is the most user-friendly tool to efficiently process and clean large amounts of data in a browser-based interface .þAquí nos centraremos específicamente en OpenRefine ( anteriormente Freebase Gridworks y Google Refine ) pues , en opinión de los autores , es la herramienta más fácil de usar para procesar y limpiar eficientemente grandes cantidades de datos en una interfaz basada en navegador .þIci , nous voulons nous concentrer spécifiquement sur OpenRefine ( anciennement Freebase Gridworks et Google Refine ) car , de l'avis des auteurs , c'est l'outil le plus convivial pour traiter et nettoyer efficacement de grandes quantités de données au travers d'une interface basée sur un navigateur .þAqui queremos concentrar-nos , sobretudo , no OpenRefine ( anteriormente Freebase Gridworks e Google Refine ) , já que , na opinião dos autores , esta é a ferramenta mais amigável para processar e limpar eficazmente grandes quantidades de dados numa interface baseada no navegador de internet .
On top of data profiling and cleaning operations , OpenRefine extensions allow users to identify concepts in unstructured text , a process referred to as named-entity recognition ( NER ) , and can also reconcile their own data with existing knowledge bases .þAdemás del perfilado de datos y las operaciones de limpieza , las extensiones de [ OpenRefine ] permiten a los usuarios identificar conceptos en texto no estructurado , un proceso denominado reconocimiento de nombres de entidades ( named-entity recognition , NER , en inglés ) , pudiendo también cotejar sus propios datos con bases de conocimiento existentes .þEn plus des opérations de profilage et de nettoyage des données , des extensions OpenRefine permettent aux utilisateurs et utilisatrices d'identifier des objets textuels dans du texte non structuré , un processus appelé reconnaissance d'entités nommées , et peuvent également lier leurs propres données avec des bases de connaissances existantes .þAlém do data profiling ( perfil de dados ) ( em inglês ) e das operações de limpeza , as extensões do OpenRefine permitem aos usuários identificar conceitos num texto desestruturado através de um processo denominado Named-Entity Recognition ( Reconhecimento de Entidade Nomeada ) ( em inglês ) ( NER ) e reconciliar os seus próprios dados com bases de conhecimento existentes .
By doing so , OpenRefine can be a practical tool to link data with concepts and authorities which have already been declared on the Web by parties such as Library of Congress or OCLC .þAsí , [ OpenRefine ] puede ser una práctica herramienta para vincular datos con conceptos y autoridades que ya han sido publicadas en la Web por instituciones como la Biblioteca del Congreso de los EEUU u OCLC .þCe faisant , OpenRefine peut être un outil pratique pour lier des données avec des objets et des autorités qui ont déjà été déclarés sur le Web par des organisations telles que la Bibliothèque du Congrès ou l ' OCLC .þAo fazê-lo , o OpenRefine pode ser uma ferramenta prática de ligação dos dados com conceitos e autoridades que já foram declarados na web por entidades como a Library of Congress ( Biblioteca do Congresso dos Estados Unidos da América ) ( em inglês ) ou o OCLC ( Centro de Bibliotecas de Computadores Online ) ( em inglês ) .
Data cleaning is a prerequisite to these steps ; the success rate of NER and a fruitful matching process between your data and external authorities depends on your ability to make your data as coherent as possible .þLa limpieza de datos es un requisito previo para estos pasos ; la tasa de éxito del NER y un proceso de coincidencia fructífera entre tus datos y las autoridades externas depende de tu capacidad para hacer tus datos tan coherentes como sea posible .þLe nettoyage des données est une condition préalable à ces étapes ; le taux de réussite de la reconnaissance d ’ entités nommées et un processus de croisement productif de vos données avec les autorités externes dépendent de votre capacité à rendre vos données aussi cohérentes que possible .þA limpeza de dados é um pré-requisito para estas etapas ; A taxa de sucesso do NER e o êxito do processo de correspondência entre os dados do usuário e as entidades externas , dependem da habilidade do mesmo de tornar estes dados o mais concretos possível .
Description of the exercise : Powerhouse MuseumþDescripción del ejercicio Powerhouse MuseumþDescription de l'exercice : Powerhouse MuseumþDescrição do exercício : Powerhouse
The Powerhouse Museum in Sydney provided a metadata export of its collection on its website .þEl Museo Powerhouse de Sydney ofreció la exportación gratuita de metadatos de su colección en su sitio web .þLe Powerhouse Museum de Sydney a mis à disposition sur son site web un ensemble de métadonnées sur sa collection librement utilisable ( NDLR : le jeu de données , téléchargé à l'origine en 2013 , peut ne plus être disponible à l'adresse indiquée , il est néanmoins fourni ci-dessous ) .þO Powerhouse , em Sydney , permite-lhe exportar gratuitamente os metadados da sua coleção no seu sítio Web .
The museum is one of the largest science and technology museums worldwide , providing access to almost 90,000 objects , ranging from steam engines to fine glassware and from haute couture to computer chips .þEste museo es uno de los mayores de ciencia y tecnología de todo el mundo , proporcionando acceso a casi 90.000 objetos , que van desde máquinas de vapor a cristalería fina y desde alta costura a chips de ordenador .þLe musée est l'un des plus grands musées de science et de technologie au monde , offrant un accès à près de 90 000 objets , des machines à vapeur à la verrerie fine en passant par la haute couture et les puces informatiques .þEste museu é um dos maiores do mundo na área da ciência e tecnologia , fornecendo acesso a quase 90,000 objetos , que vão desde motores a vapor até vidros finos e de peças de alta-costura a chips de computadores .
The Powerhouse actively disclosed its collection online and made most of its data freely available .þEl museo dio a conocer activamente su colección en línea y puso la mayoría de sus datos a libre disposición .þLe Powerhouse Museum a rendu sa collection largement disponible en ligne et la plupart de ses données étaient librement accessibles .þO museu divulgou ativamente a sua coleção em linha e disponibilizou gratuitamente a maior parte dos seus dados .
From the museum website , a tab-separated text file under the name phm-collection.tsv could be downloaded , and opened as a spreadsheet .þAnteriormente , se podía descargar del sitio web del museo un archivo de texto separado por tabuladores llamado phm-collection.tsv y abrirlo como hoja de cálculo .þSur le site web du musée , il était possible de télécharger un fichier texte séparé par des tabulations appelé phm-collection.tsv sous la forme d'une feuille de calcul .þNo seu sítio Web , era possível descarregar um ficheiro de texto separado por separadores denominado phm-collection.tsv e abri-lo como uma tabela de dados .
The unzipped file ( 58MB ) contains basic metadata ( 17 fields ) for 75,823 objects , released under a Creative Commons Attribution Share Alike ( CCASA ) license .þEl archivo descomprimido ( 58MB ) contiene metadatos básicos ( 17 campos ) para 75.823 objetos , publicados bajo una licencia Creative Commons de Reconocimiento-Compartir-Igual 2.5 .þLe fichier décompressé ( 58 Mo ) contient des métadonnées de base ( 17 champs ) pour 75 823 objets , publiées sous licence Creative Commons Attribution - Partage dans les Mêmes Conditions .þO ficheiro descomprimido ( 58MB ) contém metadados básicos ( 17 campos ) para 75,823 objetos , sob a licença Creative Commons Attribution Share Alike ( CCASA ) ( em inglês ) .
In this tutorial we will be using a copy of the data that we have archived for you to download ( in a moment ) .þEn este tutorial usaremos una copia de los datos que hemos archivado para descargarlos ( en un momento ) .þDans ce tutoriel , nous utiliserons une copie des données que nous avons archivées pour vous permettre de les télécharger ( dans la suite de la leçon ) .þNeste tutorial utilizaremos uma cópia dos dados que está arquivada para o usuário fazer o download ( mais à frente ) .
This ensures that if the Powerhouse Museum updates the data , you will still be able to follow along with the Lesson .þEsto asegura que si el Museo Powerhouse actualiza los datos , te seguirá siendo posible el seguir esta Lección .þCela garantit que si le Powerhouse Museum met à jour les données , vous serez toujours en mesure de suivre le cours .þIsto garante que se o Powerhouse atualizar os seus dados , o usuário ainda vai conseguir acompanhar esta lição .
Throughout the data profiling and cleaning process , the case study will specifically focus on the Categories field , which is populated with terms from the Powerhouse museum Object Names Thesaurus ( PONT ) .þA través del proceso de perfilado de datos y de limpieza , el estudio de caso se centrará específicamente en el campo Categorías , que se rellena con términos del Tesauro de nombres de objetos del museo Powerhouse ( PONT ) .þTout au long du processus de profilage et de nettoyage des données , l'étude de cas se concentrera spécifiquement sur le champ Categories ( Catégories ) , qui contient les termes du thésaurus des noms d'objets du Powerhouse Museum .þAo longo do processo de limpeza e de criação do perfil dos dados , a lição vai focar o campo das 'Categorias ' , que é preenchido com termos do Powerhouse Object Names Thesaurus ( BARTOC ) ( em inglês ) .
PONT recognizes Australian usage and spelling , and reflects in a very direct manner the strengths of the collection .þPONT reconoce el uso y la ortografía de Australia , y refleja de forma muy directa las fortalezas de la colección .þCe thésaurus reconnaît l'usage des mots et l'orthographe australiens et reflète de manière très directe les points forts de la collection .þO BARTOC reconhece o uso e a ortografia australiana e reflete , de uma maneira muito direta , os pontos fortes da coleção .
In the collection you will find better representations of social history and decorative arts , and comparably few object names relating to fine arts and natural history .þEn la colección encontrarás las mejores representaciones de la historia social y las artes decorativas y , en comparación , pocos nombres de objetos relacionados con las bellas artes y la historia natural .þDans celle-ci , vous trouverez davantage de représentations de l'histoire sociale et des arts décoratifs que de noms d'objets relatifs aux beaux-arts et à l'histoire naturelle .þNesta coleção , o usuário vai encontrar , por exemplo , mais e melhores representações da história social e das artes decorativas e menos objetos com nomes associados às belas-artes e à história natural .
The terms in the Categories field comprise what we call a Controlled vocabulary .þLos términos del campo Categorías constituyen lo que llamamos un vocabulario controlado .þLes termes du champ comprennent ce que nous appelons un vocabulaire contrôlé . CategoriesþOs termos no campo das Categorias compreendem o que chamamos de Vocabulário Controlado .
A controlled vocabulary consists of keywords describing the content of a collection using a limited number of terms , and is often a key entry point into data sets used by historians in libraries , archives and museums .þUn vocabulario controlado consiste en palabras clave que describen el contenido de una colección usando un número limitado de términos , y a menudo es un punto de entrada clave en los conjuntos de datos utilizados por los historiadores en las bibliotecas , archivos y museos .þUn vocabulaire contrôlé consiste en des mots-clés décrivant le contenu d'une collection en utilisant un nombre limité de termes , et constitue souvent un point d'entrée crucial dans les ensembles de données utilisés par les historiens et les historiennes dans les bibliothèques , les archives et les musées .þUm Vocabulário Controlado consiste em palavras-chave que , ao utilizarem um número limitado de termos , descrevem o conteúdo de uma coleção , sendo , normalmente , um ponto de entrada importante para historiadores em data sets de bibliotecas , arquivos e museus .
That is why we will give particular attention to the 'Categories ' field .þPor esta razón vamos a prestar especial atención al campo 'Categorías ' .þC'est pourquoi nous accorderons une attention particulière à ce champ .þÉ , por isso , que será dada uma importância especial ao campo das 'Categorias ' .
Once the data has been cleaned , it should be possible to reuse the terms in the controlled vocabulary to find additional information about the terms elsewhere online , which is known as creating Linked Data .þUna vez que se han limpiado los datos , debería ser posible reutilizar los términos del vocabulario controlado para encontrar información adicional sobre ellos en otros sitios en línea , lo que se conoce como creación de datos enlazados .þUne fois les données nettoyées , il devrait être possible de réutiliser les termes du vocabulaire contrôlé pour trouver des informations supplémentaires sur les termes utilisés ailleurs en ligne , ce qui s'appelle « créer des données liées » .þDepois de ser feita a limpeza dos dados , deverá ser possível reutilizar os termos do Vocabulário Controlado para encontrar informação adicional sobre esses termos num outro lugar online . Isto é conhecido como a criação de Linked Data ( Dados Vinculados ) .
Getting started : installing OpenRefine and importing dataþComenzando : instalación de OpenRefine e importación de datosþPour commencer : installer OpenRefine et importer des donnéesþPrimeiros passos : instalação do OpenRefine e importação de dados
Download OpenRefine and follow the installation instructions .þDescarga OpenRefine y sigue las instrucciones de instalación .þTéléchargez OpenRefine et suivez les instructions d'installation .þDeverá ser feito o Download do OpenRefine ( em inglês ) e seguidas as instruções .
OpenRefine works on all platforms : Windows , Mac , and Linux .þ[ OpenRefine ] funciona en todas las plataformas : Windows , Mac y Linux .þOpenRefine fonctionne sur toutes les plateformes : Windows , Mac et Linux .þO OpenRefine funciona em todas as plataformas : Windows , Mac , e Linux .
OpenRefine will open in your browser , but it is important to realise that the application is run locally and that your data wo n't be stored online .þ[ OpenRefine ] se abrirá en tu navegador , pero es importante señalar que la aplicación se ejecuta localmente y que tus datos no se almacenarán en línea .þOpenRefine s'ouvrira dans votre navigateur , mais il est important de réaliser que l'application s ’ exécute localement et que vos données ne seront pas stockées en ligne .þEste será aberto no navegador de internet do usuário , mas é importante entender que a aplicação é executada localmente e que os dados não serão guardados online . Com o OpenRefine aberto no seu navegador de internet , clique em ' ' , presente no canto superior esquerdo , e altere a linguagem para ' ' .
þþþLanguage Settings
The data files are available on our FreeYourMetadata website , which will be used throughout this tutorial .þLos archivos de datos están disponibles en GitHub o en nuestro sitio web FreeYourMetadata , que serán los que se utilizarán a lo largo de este tutorial .þLes fichiers de données sont disponibles sur notre site FreeYourMetadata , lequel sera utilisé tout au long de ce tutoriel .þPortuguês Os arquivos de dados estão disponíveis no site FreeYourMetadata , que serão utilizados ao longo deste tutorial .
Please download the phm-collection.tsv file before continuing ( also archived on the Programming Historian site : as phm-collection ) .þDescarga el archivo phm-collection.tsv antes de continuar . Nota de la traductora : Open Refine se instala por defecto en inglés .þVeuillez télécharger le fichier phm-collection.tsv avant de continuer ( également archivé sur le site web du Programming Historian : comme phm-collection ) .þPor favor , faça o Download do ficheiro phm-collection.tsv antes de continuar ( também arquivado no Programming Historian como : phm-collection ) .
On the OpenRefine start page , create a new project using the downloaded data file and click .þPara usarlo en español sólo necesitas cambiar la configuración del lenguaje . Pulsa y se mostrará en la ventana un desplegable donde podrás escoger el español .þSur la page de démarrage d ' OpenRefine , créez un nouveau projet en utilisant le fichier de données téléchargé et cliquez sur .þNa página inicial do OpenRefine crie um novo projeto utilizando o ficheiro de dados que fez o download e clique ' ' .
þLanguage settingsþþ
þPulsa y la página te dirá que necesita refrescarse para aplicar los cambios .þþ
þChange languageþþ
þHaz clic en y la página y el resto del programa aparecerán en español .þþ
þAceptarþþ
þEn la página de inicio de OpenRefine , crea un nuevo proyecto utilizando el archivo de datos descargado y haz clic en ' ' .þþ
NextþSiguienteþSuivantþPróximo
By default , the first line will be correctly parsed as the name of a column , but you need to unselect the 'Quotation marks are used to enclose cells containing column separators ' checkbox , since the quotes inside the file do not have any meaning to OpenRefine . Additionally , select the 'Attempt to parse cell text into numbers ' checkbox to let OpenRefine automatically detect numbers .þDe forma predeterminada , la primera línea se analizará correctamente como el nombre de una columna , pero es necesario desmarcar la casilla de verificación 'Las comillas se usan para agrupar celdas que contienen separadores de columna ' , ya que las comillas dentro del archivo no tienen ningún significado para OpenRefine .þPar défaut , la première ligne sera correctement analysée comme étant l ’ en-tête des colonnes , mais vous devez décocher la case , car les citations dans le fichier n'ont aucune signification pour OpenRefine . Utiliser le caractère `` pour fermer les cellules contenant les séparateurs de colonnes En outre , cochez la case pour permettre à OpenRefine de détecter automatiquement les nombres . Analyser le texte des cellules comme nombresþA primeira linha será processada como o nome da coluna por defeito , mas será preciso desmarcar a caixa de seleção 'Usar caracter `` encerrar células contendo separadores de colunas ' , já que as aspas dentro do ficheiro não têm qualquer significado para o OpenRefine . Além disto , deverá selecionar a caixa de seleção 'Tentar analisar texto de células como números ' para que o OpenRefine detete automaticamente números .
Now click on ' ' .þAhora haz clic en ' ' .þMaintenant , cliquez sur .þAgora deverá clicar em ' ' .
Create projectþCrear proyectoþCréer un projetþCriar projeto
If all goes well , you will see 75,814 rows .þSi todo va bien , verás 75.814 filas .þSi tout se passe bien , vous verrez 75 814 lignes .þSe tudo correr como planejado , deverá ver no canto superior esquerdo 75,814 linhas .
Alternatively , you can download the initial OpenRefine project directly .þComo alternativa , puedes descargarte directamente el proyecto inicial de OpenRefine .þVous pouvez également télécharger directement le projet OpenRefine initial .þComo alternativa poderá fazer o Download diretamente do Projeto inicial OpenRefine .
The Powerhouse museum data set consists of detailed metadata on all the collection objects , including title , description , several categories the item belongs to , provenance information , and a persistent link to the object on the museum website .þEl conjunto de datos del museo Powerhouse está formado por metadatos detallados de todos los objetos de la colección , incluyendo título , descripción , varias categorías a las que pertenece el objeto , información de procedencia y un vínculo persistente al objeto en el sitio web del museo .þL'ensemble de données du Powerhouse Museum comprend des métadonnées détaillées sur tous les objets de la collection , y compris le titre , la description , plusieurs catégories auxquelles l'objet appartient , des informations sur la provenance et un lien pérenne vers l'objet sur le site Web du musée .þO data set do Powerhouse consiste em metadados detalhados sobre todos os objetos da coleção incluindo o título , a descrição , as várias categorias às quais o item pertence , informação sobre a proveniência do mesmo e um link persistente para a página que hospeda o objeto dentro do site do museu .
To get an idea of what object the metadata corresponds to , simply click the persistent link and the website will open .þPara tener una idea de a qué objeto corresponden los metadatos simplemente haz clic en el vínculo persistente y se abrirá el sitio web .þPour avoir une idée de l'objet correspondant aux métadonnées , cliquez simplement sur le lien et le site Web s'ouvrira .þPara ter uma ideia do objeto a que corresponde os metadados , clique no link persistente e o site será aberto .
Figure 1 : Screenshot of a Sample Object on the Powerhouse Museum Websiteþ{ % include figure.html caption= '' Figura 1 : Captura de pantalla de un Objeto de Muestra del sitio web del Museo Powerhouse '' filename= '' en-or-cleaning-data-with-openrefine-01.png '' % }þFigure 1 : Capture d'écran d'un objet échantillon en provenance du site web du Powerhouse MuseumþFigura 1 : Captura de tela de um objeto de amostra no site * Powerhouse * Imagem de um objeto de amostra no site * Powerhouse * onde é possível observar um carro de brincar com desenhos de palhaços
Get to know your dataþConoce tus datosþApprendre à connaître ses donnéesþConheça os seus dados
The first thing to do is to look around and get to know your data .þLo primero que debes hacer es echar un vistazo general y conocer tus datos .þLa première chose à faire est de faire le tour de vos données et d'apprendre à les connaître .þA primeira coisa a fazer é observar e conhecer os seus dados .
You can inspect the different data values by displaying them in facets .þPuedes inspeccionar los diferentes valores de datos mostrándolos en facetas .þVous pouvez inspecter les différentes valeurs de données en les affichant dans des facettes .þPoderá inspecionar os diferentes valores de dados exibindo-os em facetas e filtros .
You could consider a facet like a lense through which you view a specific subset of the data , based on a criterion of your choice .þSe podría considerar una faceta como una lente a través de la cual se visualiza un subconjunto específico de los datos , basado en un criterio de su elección .þVous pouvez considérer une facette comme une lentille à travers laquelle vous visualisez un sous-ensemble spécifique de données , en fonction d'un critère de votre choix .þPoderá considerar a faceta ( em inglês ) uma lente através da qual é possível ver um subconjunto específico de dados baseados no critério da sua escolha .
Click the triangle in front of the column name , select Facet , and create a facet .þHaz clic en el triángulo situado delante del nombre de la columna , selecciona Facetas y crea una faceta .þCliquez sur le triangle situé devant le nom de la colonne , sélectionnez et créez-en une . FacetteþClique no triângulo em frente ao nome da coluna , selecione Faceta e crie uma Faceta .
For instance , try a Text facet or a Numeric facet , depending on the nature of the values contained in the fields ( numeric values are in green ) .þPor ejemplo , intenta crear una faceta de texto o una faceta numérica , dependiendo de la naturaleza de los valores contenidos en los campos ( los valores numéricos se muestran en color verde ) .þPar exemple , essayez une facette textuelle ou une facette numérique , selon la nature des valeurs contenues dans les champs ( les valeurs numériques sont en vert ) .þPor exemplo , experimente o Faceta de texto ou o Faceta numérica , dependendo da natureza dos valores contidos nesses campos ( os valores numéricos estão expostos a verde ) .
Be warned , however , that text facets are best used on fields with redundant values ( Categories for instance ) ; if you run into a 'too many to display ' error , you can choose to raise the choice count limit above the 2,000 default , but too high a limit can slow down the application ( 5,000 is usually a safe choice ) .þSin embargo , debes tener en cuenta que las facetas de texto son más útiles en campos con valores redundantes ( por ejemplo , Categorías ) ; si al ejecutarse te aparece el error 'son muchas para mostrar ' , puedes optar por aumentar el límite de recuento de opciones por encima de los 2.000 predeterminados , aunque un límite demasiado alto puede enlentecer la aplicación ( 5.000 suele ser una opción segura ) .þSachez , cependant , que les facettes textuelles sont mieux utilisées sur des champs avec des valeurs récurrentes ( par exemple ) ; si vous rencontrez une erreur « trop nombreux à afficher » , vous pouvez choisir d'augmenter la limite du nombre de choix au-dessus des 2 000 par défaut , mais une limite trop élevée peut ralentir l'application ( 5 000 est généralement un choix sûr ) . CategoriesþNo entanto , tenha em atenção que estas Facetas de texto têm uma maior eficácia em campos com valores redundantes ( Categories ( categorias ) , por exemplo ) ; Se ocorrer o erro 'Muitas para mostrar ' você pode escolher aumentar o limite da contagem de opções a cima do padrão dos 2,000 . Todavia , um limite muito alto pode tornar o aplicativo mais lento ( por norma , 5,000 é uma escolha segura ) .
Numeric facets do not have this restriction .þLas facetas numéricas no tienen esta restricción .þLes facettes numériques n'ont pas cette restriction .þFacetas numéricas não têm esta restrição .
For more options , select Customized facets : facet by blank , for instance , comes handy to find out how many values were filled in for each field .þPara más opciones , selecciona : la faceta por blanco , por ejemplo , resulta útil para saber cuántos valores se rellenaron para cada campo . Facetas personalizadasþPour plus d'options , sélectionnez : la facette , par exemple , est pratique pour savoir combien de valeurs ont été remplies pour chaque champ . Facettes personnaliséesþPara mais opções , selecione Facetas personalizadas : Faceta por valores em branco , por exemplo , torna-se útil na procura de quantos valores foram preenchidos em cada campo .
We 'll explore these further in the following exercises .þLas exploraremos más adelante en los siguientes ejercicios .þpar valeur vide Nous les explorerons plus en détail dans les exercices suivants .þVamos explorar mais detalhadamente estas funcionalidades nos exercícios a seguir .
Remove blank rowsþEliminar filas en blancoþSupprimer les lignes videsþRemoção de linhas em branco
One thing you notice when creating a numeric facet for the Record ID column , is that three rows are empty .þUna cosa que notarás al crear una faceta numérica para la columna Record ID ( Identificador del registro ) es que tres filas están vacías .þUne chose que vous remarquez lors de la création d'une facette numérique pour la colonne , est que trois lignes sont vides . Record IDþUma coisa que irá reparar quando criar Facetas numéricas para a coluna do Record ID ( Identificador do registo ) , é que existem três linhas sem dados .
You can find them by unselecting the Numeric checkbox , leaving only Non-numeric values .þPuedes encontrarlos deseleccionando la casilla Numérico , dejando sólo valores No-numéricos .þVous pouvez les trouver en désélectionnant la case , en ne laissant que les valeurs non numériques . NumériqueþPoderá encontrá-las ao desmarcar a caixa de seleção numérica , deixando apenas valores não-numéricos .
Actually , these values are not really blank but contain a single whitespace character , which can be seen by moving your cursor to where the value should have been and clicking the ' ' button that appears .þEn realidad , estos valores no están realmente en blanco sino que contienen un solo carácter de espacio en blanco , que puede verse moviendo el cursor hasta donde debería haber estado y haciendo clic en el botón ' ' que aparece .þEn fait , ces valeurs ne sont pas vraiment vides mais contiennent un seul caractère d'espace , ce qui peut être constaté en déplaçant votre curseur à l'endroit où la valeur aurait dû être , et en cliquant sur le bouton qui apparaît .þNa verdade , estes valores não estão realmente a branco , mas contêm apenas um caractere de espaço em branco , que pode ser visível se mover o seu cursor para onde deveria estar esse valor e clicar no botão ' ' ( Editar ) que aparece .
editþEditarþÉditerþedit
To remove these rows , click the triangle in front of the first column called ' ' , select ' ' , and then ' ' .þPara eliminar estas filas , haz clic en el triángulo que se encuentra delante de la primera columna denominada ' ' , selecciona ' ' y , a continuación , ' ' .þPour supprimer ces lignes , cliquez sur le triangle situé devant la première colonne appelée , sélectionnez , puis .þPara remover estas linhas , clique no triângulo em frente à primeira coluna denominada por ' ' , selecione ' ' e depois ' ' .
AllþTodasþToutesþTodos
Edit rowsþEditar filasþÉditer les lignesþEditar linhas
Remove all matching rowsþEliminar todas las filas que encajenþSupprimer toutes les lignes correspondantesþRemover as linhas que corresponderam
Close the numeric facet to see the remaining 75,811 rows .þCierra la faceta numérica para ver las restantes 75.811 filas .þFermez la facette numérique pour voir les 75 811 lignes restantes .þFeche a faceta numerica para verificar que permanecem agora 75,811 linhas .
Removing duplicatesþEliminar duplicadosþSupprimer les doublonsþRemoção de duplicações
A second step is to detect and remove duplicates .þUn segundo paso es detectar y eliminar duplicados .þUne deuxième étape consiste à détecter et supprimer les doublons .þO segundo passo é detetar e remover duplicações .
These can be spotted by sorting them by a unique value , such as the Record ID ( in this case we are assuming the Record ID should in fact be unique for each entry ) .þEstos pueden ser localizados clasificándolos por un valor único , como el Record ID ( en este caso estamos asumiendo que el ID de registro debería ser único para cada entrada ) .þCeux-ci peuvent être repérés en les triant par une valeur unique , telle que l'ID d'enregistrement ( Record ID ) . Dans ce cas , nous supposons que l'ID d'enregistrement est unique pour chaque entrée .þEstas podem ser identificadas ao classificar colunas , como o Record ID , por um valor único ( neste caso vamos assumir que o Record ID é , de facto , único para cada entrada ) .
The operation can be performed by clicking the triangle left of Record ID , then choosing ' '… and selecting the ' ' bullet .þLa operación se puede realizar haciendo clic en el triángulo izquierdo de Record ID , luego eligiendo ' ' ... y seleccionando la viñeta ' ' .þL'opération peut être effectuée en cliquant sur le triangle à gauche de , puis en choisissant et en sélectionnant la puce . Record IDþEsta operação pode ser realizada ao clicar no triângulo à esquerda do Record ID , depois devemos selecionar a opção ' … ' e escolher o marcador ' ' .
SortþOrdenarþTrier ...þOrdenar
numbersþnúmerosþNombresþnúmeros
In OpenRefine , sorting is only a visual aid , unless you make the reordering permanent .þEn OpenRefine , la clasificación es sólo una ayuda visual , a menos que hagas permanente el reordenamiento .þDans OpenRefine , le tri n'est qu'une aide visuelle , à moins que vous ne rendiez le réordonnancement permanent .þNo OpenRefine , ordenar é apenas uma ajuda visual , a não ser que torne a reordenação permanente .
To do this , click the Sort menu that has just appeared at the top and choose ' ' .þPara ello , haz clic en el menú Sort que aparece en la parte superior y selecciona ' ' .þPour ce faire , cliquez sur le menu ( attention , cet élément de l'interface , qui signifie `` trier '' , n'est pas traduit de l'anglais ) qui vient d'apparaître en haut et choisissez . SortþPara o fazer , clique na opção Ordenar por cima do Marks ( Marcas ) e , em seguida , deverá escolher a opção ' ' .
Reorder rows permanentlyþReordenar filas permanentementeþRetrier les lignes de façon permanenteþReordenar linhas permanentemente
If you forget to do this , you will get unpredictable results later in this tutorial .þSi olvidas hacer esto , obtendrás resultados impredecibles más adelante en este tutorial .þSi vous oubliez de le faire , vous obtiendrez des résultats imprévisibles plus tard dans ce tutoriel .þSe se esquecer de fazer isto , posteriormente , irá ter resultados imprevisíveis neste tutorial .
Identical rows are now adjacent to each other .þLas filas idénticas son ahora adyacentes entre sí .þLes lignes identiques sont maintenant adjacentes les unes aux autres .þLinhas idênticas estão agora adjacentes umas às outras .
Next , blank the Record ID of rows that have the same Record ID as the row above them , marking them duplicates .þA continuación , dejaremos en blanco el Record ID de las filas que tienen el mismo ID de registro que la fila superior a ellos , marcándolos como duplicados .þEnsuite , effacez l'ID d'enregistrement des lignes ayant le même ID d'enregistrement que la ligne située au-dessus d'elles , en les marquant en double .þEm seguida , deixe em branco as linhas do Record ID que têm o mesmo Record ID que as a cima delas , marcando-as como duplicações .
To do this , click on the Record ID triangle , choose > .þPara ello , haz clic en el triángulo del campo Record ID , elije > .þPour ce faire , cliquez sur le triangle , choisissez > . Record IDþPara o fazer , deve clicar no triângulo do Record ID , escolher > .
Edit cellsþEditar celdasþÉditer les cellulesþEditar células
Blank downþVaciar hacia abajoþViderþTransformar em vazias abaixo
The status message tells you that 84 columns were affected ( if you forgot to reorder rows permanently , you will get only 19 ; if so , undo the blank down operation in the 'Undo/Redo ' tab and go back to the previous paragraph to make sure that rows are reordered and not simply sorted ) .þEl mensaje de estado indica que la operación ha afectado a 84 columnas ( si olvidaste reordenar las filas permanentemente , obtendrás sólo 19 , si es así , deshaz la operación en la pestaña 'Deshacer / Rehacer ' y vuelve al párrafo anterior para asegurarte de que las filas se reordenan y no están simplemente ordenadas ) .þLe statut vous indique que 84 colonnes ont été affectées ( si vous avez oublié de réordonner les rangées de façon permanente , vous n'en obtiendrez que 19 , si c'est le cas , annulez l'opération dans l'onglet et revenez au paragraphe précédent ; assurez-vous que les lignes sont réorganisées et non simplement triées ) . Annuler / RétablirþA mensagem de status dirá que 84 colunas foram afetadas ( se se esqueceu de reordenar as linhas permanentemente , apenas vão ser afetadas 19 colunas ; em caso afirmativo , desfaça a operação Transformar em vazias abaixo no separador 'Desfazer/Refazer ' e volte ao parágrafo anterior refazendo-o de modo a ter a certeza que as linhas estão reordenadas e não apenas classificadas ) .
Eliminate those rows by creating a facet on ' ' in the Record ID column ( ' ' > ' ' > ' ' ) , selecting the 84 blank rows by clicking on ' ' , and removing them using the ' ' triangle ( ' ' > ' ' ) .þElimina estas filas creando una faceta de ' ' en la columna Record ID ( ' ' > ' ' > ' ' ) , seleccionando las 84 líneas en blanco haciendo clic en ' ' y quitándolas usando el triángulo ' ' ( ' ' > ' ' ) .þÉliminez ces lignes en créant une facette sur les dans la colonne ( > > ) , puis sélectionnez les 84 lignes vides en cliquant sur , et supprimez-les en utilisant le triangle ( > ) .þElimine essas linhas ao criar uma faceta em ' ' na coluna do Record ID ( ' ' > ' ' > ' ' ) em seguida deverá selecionar as 84 linhas a branco clicando em ' ' ( Verdade ) e removê-las usando o triângulo da coluna ' ' ( ' ' > ' ) .
blank cellsþceldas en blancoþcellules videsþTransformar em vazias abaixo
þþRecord IDþ
FacetþFacetasþFacetteþFaceta
Customized facetsþFacetas personalizadasþFacettes personnaliséesþFacetas personalizadas
Facet by blankþFaceta por blancoþFacette par valeur vide ( valeurs nulles ou chaîne vide )þFaceta por valores em branco
trueþtrueþtrueþtrue
AllþTodosþToutesþTodos
Edit rowsþEditar filasþÉditer les lignesþEditar linhas
Remove all matching rowsþEliminar todas las filas que encajenþSupprimer toutes les lignes correspondantesþRemover as linhas que corresponderam
Upon closing the facet , you see 75,727 unique rows .þAl cerrar la faceta , verás 75.727 filas únicas .þÀ la fermeture de la facette , vous voyez 75 727 lignes uniques .þQuando fechar a faceta deverá observar que existem agora 75,727 linhas únicas .
Be aware that special caution is needed when eliminating duplicates .þTen en cuenta que se necesita especial precaución al eliminar duplicados .þUne vigilance particulière est nécessaire lors de l'élimination des doublons .þO usuário deverá ter uma atenção especial ao eliminar duplicações .
In the above mentioned step , we assume the dataset has a field with unique values , indicating that the entire row represents a duplicate .þEn el paso antes mencionado , suponemos que el conjunto de datos tiene un campo con valores únicos , lo que indica que la fila entera representa un duplicado .þDans l'étape mentionnée ci-dessus , nous supposons que le jeu de données comporte un champ avec des valeurs uniques , indiquant que la ligne entière représente un doublon .þNa etapa mencionada acima , assumimos que o data set possui um campo com valores únicos , indicando que uma linha inteira representa uma duplicação .
This is not necessarily the case , and great caution should be taken to manually verify whether the entire row represents a duplicate or not .þEsto no tiene porqué ser necesariamente el caso , por lo que se debe adoptar gran precaución para verificar manualmente si la fila entera representa o no un duplicado .þCe n'est pas nécessairement le cas , et il faut être très prudent pour vérifier manuellement si la ligne entière représente un doublon ou non .þEste não é necessariamente o caso e , por isso , devemos ter cuidado e verificar manualmente se a linha inteira representa uma duplicação ou não .
AtomizationþSepararþFractionner les donnéesþAtomização
Once the duplicate records have been removed , we can have a closer look at the Categories field .þ| Una vez eliminados los registros duplicados , podemos observar más de cerca el campo Categorías .þ| Une fois les doublons supprimés , nous pouvons regarder de plus près le champ . Categoriesþ| Depois de remover os registos duplicados , podemos focar-nos na coluna Categories .
On average each object has been attributed 2.25 categories .þEn promedio , a cada objeto se le han atribuido 2,25 categorías .þEn moyenne , chaque objet a reçu 2,25 catégories .þEm média , foram atribuídas 2.25 categorias a cada objeto .
These categories are contained within the same field , | separated by a pipe character '| ' .þEstas categorías están contenidas dentro del mismo campo , separadas por barras verticales , el carácter ' | ' .þCes catégories sont contenues dans le même champ , séparées par le caractère | . pipeþEstas categorias estão contidas no mesmo campo , separadas por uma barra vertical '| ' .
Record 9 , for instance , contains | | three : 'Mineral samples|Specimens|Mineral Samples-Geological ' .þEl registro 9 , por ejemplo , contiene tres : Mineral samples|Specimens|Mineral Samples-Geological .þLe dossier 9 , par exemple , en contient trois : . Mineral Samples | Specimens | Mineral Samples-GeologicalþO registo 9 , por exemplo , contém três : 'Mineral samples|Specimens|Mineral Samples-Geological ' ( Amostras minerais|Espécimes|Amostras minerais-Geológicas ) .
In order | to analyze in detail the use of the keywords , the values of the Categories field need to be split up into individual cells on the basis of the pipe character , expanding the 75,727 records into 170,167 rows .þPara analizar en detalle el uso de las palabras clave , los valores del campo Categorías deben separarse en celdas individuales ayudándonos con la barra vertical , expandiendo los 75.727 registros en 170.167 filas .þAfin d'analyser en détail l'utilisation des mots-clés , les valeurs du champ doivent être fractionnées en cellules individuelles sur la base du caractère , en développant les 75 727 entrées en 170 167 lignes . CategoriesþPara analisar em detalhe o uso destas palavras-chave , os valores do campo das categorias devem ser separados em células individuais com base na barra vertical , expandindo os 75,727 registos em 170,167 linhas .
| Choose ' ' , ' ' , entering ' ' as the | value separator .þSeleccione ' ' , ' ' , introduciendo ' ' como el carácter separador de valores .þpipe Choisissez , , et en entrant | comme séparateur de valeurs .þEscolha ' ' , ' ' , digitando ' ' como separador de valores .
Edit cellsþEditar celdasþÉditer les cellulesþEditar células
Split multi-valued cellsþDividir celdas multi-valuadasþDiviser les cellules multivaluéesþDividir células com múltiplos valores
| OpenRefine informs you that you now have 170,167 rows .þOpenRefine te informa que tiene ahora 170.167 filas .þOpenRefine vous informe que vous avez maintenant 170 167 lignes .þ| O OpenRefine irá informá-lo que tem agora 170,167 linhas .
It is important to fully understand the rows/records paradigm .þ| Es importante entender bien el paradigma filas/registros .þ| Il est important de bien comprendre le concept des lignes / entrées .þ| É importante compreender totalmente o paradigma das linhas/entradas .
Make the Record ID column visible to see what is going on .þHaz que la columna Record ID sea visible para ver qué está pasando .þRendez la colonne visible pour voir ce qui se passe ( pour cela , il suffit de cliquer sur le triangle puis sur et ensuite sur ) . Record IDþTorne a coluna Record ID visível para ver o que se passa .
þþAperçuþ
þþMasquer les autres colonnesþ
You can switch between 'rows ' and 'records ' view by clicking on the so-labelled links just above the column headers .þPuedes cambiar entre las vistas 'filas ' y 'registros ' haciendo clic en los enlaces con ese nombre que están justo encima de los encabezados de las columnas .þVous pouvez basculer entre les vues et en cliquant sur les liens ainsi étiquetés juste au-dessus des en-têtes de colonnes . lignesþPode mudar entre a opção de visualização 'linhas ' e 'entradas ' ao clicar nos links que dão pelos mesmos nomes , logo em cima do cabeçalho das colunas .
In the 'rows view ' , each row represents a couple of Record IDs and a single Category , enabling manipulation of each one individually .þEn la 'vista de filas ' , cada fila representa un Record ID y una sola categoría emparejados , permitiendo la manipulación de cada uno individualmente .þentrées Dans la vue des lignes , chaque ligne représente deux ID d'enregistrement ( Record ID ) et une seule catégorie , ce qui permet de les manipuler individuellement .þNa opção 'linhas ' , cada linha representa um par de Record IDs e uma única categoria , permitindo a manipulação de cada uma individualmente .
The 'records view ' has an entry for each Record ID , which can have different categories on different rows ( grouped together in grey or white ) , but each record is manipulated as a whole .þLa 'vista de registros ' tiene una entrada para cada Record ID , que puede tener diferentes categorías en filas diferentes ( agrupadas en gris o blanco ) , pero cada registro se manipula como un todo .þLa vue des entrées a une entrée pour chaque ID d'enregistrement ( Record ID ) , qui peut avoir différentes catégories sur des lignes différentes ( regroupées en gris ou en blanc ) , mais chaque enregistrement est manipulé dans son ensemble .þA opção 'entradas ' tem uma entrada para cada Record ID , que pode ter categorias diferentes em linhas diferentes ( agrupadas a cinzento ou branco ) , mas cada registo é manipulado como um todo .
Concretely , there now are 170,167 category assignments ( rows ) , spread over 75,736 collection items ( records ) .þConcretamente , ahora hay 170.167 asignaciones de categoría ( filas ) , distribuidas en 75.736 items de la colección ( registros ) .þConcrètement , il y a maintenant 170 167 affectations de catégories ( lignes ) réparties sur 75 736 éléments de collection ( entrées ) .þConcretamente , existem agora 170,167 atribuições de categorias ( Linhas ) , separadas em 75,736 itens de coleção ( Entradas ) .
You maybe noticed that we are 9 records up from the original 75,727 , but do n't worry about that for the time being , we will come back to this small difference later .þQuizás notaste que hay 9 registros más que los 75.727 originales , pero no te preocupes por esto de momento , regresaremos a esta pequeña diferencia más tarde .þVous avez peut-être remarqué que nous avons 9 entrées de plus que les 75 727 d ’ origine , mais ne vous inquiétez pas pour le moment , nous reviendrons à cette petite différence plus tard .þPode também ter reparado que estamos com mais 9 registos do que os originais 75,727 , mas não se preocupe com isso agora , iremos voltar a esta pequena diferença mais tarde .
Facetting and clusteringþHacer facetas y agruparþAppliquer une facette et regrouper des valeurs prochesþFacetting e agrupamento
Once the content of a field has been properly atomized , filters , facets , and clusters can be applied to give a quick and straightforward overview of classic metadata issues .þUna vez que el contenido de un campo ha sido separado correctamente , pueden aplicarse los filtros , las facetas y los clústeres para dar una visión general rápida y sencilla de los clásicos problemas con metadatos .þUne fois que le contenu d'un champ a été correctement fractionné , les filtres , les facettes et les regroupements de valeurs proches peuvent être appliqués pour donner un aperçu rapide et simple des problèmes de métadonnées classiques .þUm dos conteúdos do campo foi devidamente atomizado , filtros , facetas e agrupamentos podem ser aplicados para fornecer uma visão rápida e geral dos problemas clássicos dos metadados .
By applying the customized facet ' Facet by blank ' , one can immediately identify the 461 records that do not have a category , representing 0.6 % of the collection .þMediante la aplicación de la faceta personalizada ' faceta por blanco ' , se pueden identificar inmediatamente los 461 registros que no tienen una categoría , lo que representa el 0,6 % de la colección .þEn appliquant la facette personnalisée , on peut immédiatement identifier les 461 entrées qui n'ont pas de catégorie , et qui représentent 0,6 % de la collection . Facette par valeur videþAo aplicar a faceta customizada ' Faceta por valores em branco ' à coluna Categories , é possível identificar imediatamente os 461 registos que não têm uma categoria , representando 0.6 % da coleção .
Applying a text facet to the Categories field allows an overview of the 4,934 different categories used in the collection ( the default limit being 2,000 , you can click ' ' to raise it to 5,000 ) .þLa aplicación de una faceta de texto al campo Categorías permite obtener una visión general de las 4.934 categorías diferentes utilizadas en la colección ( el límite predeterminado es de 2.000 , puedes hacer clic en ' ' para aumentarlo a 5.000 ) .þL'application d'une facette textuelle au champ permet d'avoir un aperçu des 4 934 catégories différentes utilisées dans la collection ( la limite par défaut étant de 2 000 , vous pouvez cliquer sur pour la porter à 5 000 ) . CategoriesþAo aplicar uma faceta de texto ao campo das categorias podemos ter uma visão geral das 4,935 diferentes categorias utilizadas na coleção ( o limite padrão é 2,000 , mas poderá clicar na opção ' ' para aumentá-la para 5,000 ) .
Set choice count limitþEstablecer límite de recuento de opcionesþDéfinir la limite du nombre de choixþDefinir o limite da contagem da escolha
The headings can be sorted alphabetically or by frequency ( 'count ' ) , giving a list of the most used terms to index the collection .þLos encabezados pueden ordenarse alfabéticamente o por frecuencia ( 'conteo ' ) , dando una lista de los términos más utilizados para indexar la colección .þLes titres peuvent être triés par ordre alphabétique ou par fréquence ( ) , donnant une liste des termes les plus utilisés pour indexer la collection . compteþOs títulos podem ser ordenados alfabeticamente ( nome ' ) ou por frequência ( 'quantidade ' ) , fornecendo ao utilizador uma lista dos termos mais usados para indexar a coleção .
The top three headings are 'Numismatics ' ( 8,041 ) , 'Ceramics ' ( 7,390 ) and 'Clothing and dress' ( 7,279 ) .þLos tres títulos principales son 'Numismatics ' ( 8.041 ) , 'Ceramics ' ( 7.390 ) y 'Clothing and dress ' ( 7.279 ) .þLes trois principales rubriques sont ( Numismatique ) ( 8 041 ) , ( Céramique ) ( 7 390 ) et ( Vêtements et habillement ) ( 7 279 ) . NumismaticsþOs três títulos principais são 'Numismática ' ( Numismatics ) ( 8,041 ) , 'Cerâmica ' ( Ceramics ) ( 7,390 ) e 'Roupas e vestuário ' ( Clothing and dress ) ( 7,279 ) .
þþCeramicsþ
After the application of a facet , OpenRefine proposes to cluster facet choices together based on various similarity methods .þTras la aplicación de una faceta , OpenRefine propone agrupar facetas que han sido elegidas para ser agrupadas basándose en varios métodos de similitud .þClothing and dress Après l'application d'une facette , OpenRefine propose de regrouper les choix de facettes en fonction de diverses méthodes de similarité .þApós aplicar a faceta , o OpenRefine propõe aglomerar as escolhas da faceta com base em vários métodos de similaridade .
As Figure 2 illustrates , the clustering allows you to solve issues regarding case inconsistencies , incoherent use of either the singular or plural form , and simple spelling mistakes .þComo muestra la Figura 2 , el agrupamiento te permite resolver problemas relacionados con inconsistencias de casos , uso incoherente de la forma singular o plural y errores ortográficos sencillos .þComme l'illustre la figure 2 , le regroupement des valeurs proches vous permet de résoudre des problèmes concernant les incohérences d'occurrences , l'utilisation incohérente de la forme singulière ou plurielle et les fautes d'orthographe simples .þTal como a Figura 2 demonstra , o agrupamento permite ao usuário resolver problemas relacionados com inconsistências , o uso incoerente tanto da forma singular como plural e erros de ortografia simples .
OpenRefine presents the related values and proposes a merge into the most recurrent value .þOpenRefine presenta los valores relacionados y propone fusionarlos en el valor más frecuente .þOpenRefine présente les valeurs proches et propose une fusion dans la valeur la plus utilisée .þO OpenRefine apresenta os valores relacionados e propõe uma fusão resultante no valor mais recorrente .
Select values you wish to cluster by selecting their boxes individually or by clicking ' ' at the bottom , then chose ' ' .þSelecciona los valores que desees agrupar seleccionando individualmente sus casillas o haciendo clic en ' ' en la parte inferior , luego selecciona ' ' .þSélectionnez les valeurs que vous souhaitez regrouper en sélectionnant leurs cases individuellement ou en cliquant sur en bas , puis choisissez .þDeverá selecionar a opção ' ' para abrir o comando de uniformização dos termos , em seguida , escolha os valores que deseja agrupar ao selecionar as caixas individualmente ou ao clicar ' ' na parte inferior e , por fim , ' ' . Agrupar
Select allþSeleccionar todosþSélectionner toutþMarcar todos
Merge Selected and Re-ClusterþUnir seleccionados y reagruparþFusionner la sélection et regrouperþUnir selecionados e Re-agrupar
Figure 2 : Overview of some clustersþ{ % include figure.html caption= '' Figura 2 : Visión general de algunas agrupaciones '' filename= '' visionAgrupaciones.png '' % }þFigure 2 : Vue de valeurs regroupéesþFigura 2 : Visão geral de alguns agrupamentos
þþþInterface do * OpenRefine * referente ao agrupamento e edição da coluna 'Categories ' em que é possível observar os métodos de agrupamento e ainda as diferenças detetadas nesta coluna
The default clustering method is not too complicated , so it does not find all clusters yet .þ| El método de agrupación por defecto no es demasiado complejo , por eso no encuentra aún todos los grupos .þLa méthode de regroupement par défaut est assez basique , elle ne trouve donc pas encore tous les regroupements possibles .þ| O método padrão de aglomeramento não é muito complexo , portanto ainda não encontra todos os aglomerados .
Experiment with different methods to see what results they yield .þExperimenta con diferentes métodos para ver qué resultados obtienen .þExpérimentez différentes méthodes pour voir quels résultats elles donnent .þExperimente com diferentes métodos para ver quais são os resultados que estes produzem .
Be careful though : some methods are too aggressive , so you might end up clustering values that do not belong together .þNo obstante , ten cuidado : algunos métodos son demasiado agresivos , de forma que podrías terminar agrupando valores que no están relacionados .þSoyez prudent cependant : certaines méthodes sont trop poussées , vous pourriez donc finir par regrouper des valeurs qui ne sont pas équivalentes .þDeverá ter cuidado : alguns métodos podem ser muito agressivos e alguns valores , que não deverão estar juntos , podem acabar agrupados .
Now that the values have been clustered individually , we can put them back together in a single cell .þAhora que los valores han sido agrupados individualmente , podemos volverlos a unir en una sola celda .þMaintenant que les valeurs ont été regroupées individuellement , nous pouvons les regrouper dans une seule cellule .þAgora que os valores foram agrupados individualmente , podemos colocá-los de volta numa única célula .
Click the Categories triangle and choose , , .þHaz clic en el triángulo Categorías y elije , , .þCliquez sur le triangle et choisissez > > . CategoriesþClique no triângulo das categories e escolha , , escolha a barra vertical ( '| ' ) como separador , .
Edit | cellsþEditar celdasþÉditer les cellulesþEditar células
Join multi-valued cellsþUnir celdas multi-valuadasþJoindre les cellules multivaluéesþUnir células com múltiplos valores
OKþAceptarþOKþOK
Choose the pipe character ( | ) as a | separator .þElije el carácter barra vertical ( | ) como separador .þChoisissez le caractère ( | ) comme séparateur . pipeþ
The rows now look like before , with a multi-valued Categories field .þLas filas ahora se ven como antes , con un campo de Categorías de valor múltiple . |þLes lignes ressemblent maintenant à ce que nous avions avant , avec un champ à plusieurs valeurs . CategoriesþAs linhas têm agora a mesma aparência que tinham antes , com um campo de categorias com vários valores . |
Applying ad-hoc transformations through the use of GREL expressionsþAplicación de transformaciones ad hoc mediante el uso de expresiones GRELþAppliquer des transformations ad hoc à l'aide d'expressions GRELþAplicação de transformações ad-hoc através do uso de expressões GREL
You may remember there was an increase in the number of records after the splitting process : nine records appeared out of nowhere .þComo recordarás se produjo un aumento en el número de registros tras el proceso de separación : nueve registros aparecieron de la nada .þVous vous souvenez peut-être qu'il y a eu une augmentation du nombre d'entrées après le processus de fractionnement : neuf entrées sont soudainement apparues .þRelembre-se que existiu um aumento no número de registos depois do processo de divisão : nove registos apareceram do nada .
In order to find the cause of this disparity , we need to go back in time before we split the categories into separate rows .þPara encontrar la causa de esta disparidad , necesitamos retroceder en el tiempo hasta antes de que separáramos las categorías en filas diferentes .þAfin de trouver la cause de cette disparité , nous devons remonter dans le temps , avant l'opération de fractionnement des catégories en lignes séparées .þPara encontrar a causa desta disparidade , precisamos de voltar atrás , antes da divisão das categorias em linhas separadas .
To do so , toggle the Undo/Redo tab right of the Facet/Filter tab , and you will get a history of all the actions that you performed since the project was created .þPara ello , activa la ficha Deshacer/Rehacer a la derecha de la ficha Facetas/Filtros y obtendrás un historial de todas las acciones que realizaste desde la creación del proyecto .þPour ce faire , activez l'onglet à droite de l'onglet , et vous obtiendrez un historique de toutes les actions que vous avez effectuées depuis la création du projet . Défaire / RefaireþPara fazer isso , altere o separador 'Desfazer / Refazer ' à direita do separador 'Faceta / Filtro ' e vai obter um histórico de todas as ações que executou desde que o projeto foi criado .
þþFacette / Filtreþ
Select the step just before 'Split multi-valued cells in column Categories ' ( if you followed our example this should be 'Remove 84 rows ' ) then go back to the Facet/Filter tab .þSelecciona el paso justo antes de 'Split multi-valued cells in column Categories ' ( Dividir celdas multi-valuadas en la columna categorías ) ( si has seguido nuestro ejemplo este debería ser 'Remove 84 rows ' ( Eliminar 84 filas ) ) y luego vuelve a la ficha Facetas/Filtros .þSélectionnez l'étape juste avant ( Fractionner les cellules à valeurs multiples dans la colonne Categories ) . Split multi-valued cells in column CategoriesþSelecione o passo antes de ' Split multi-valued cells in column Categories ' ( Dividir células com vários valores na coluna Categorias ) ( se seguiu o nosso exemplo deverá ser ' Remove 84 rows ' ( Remover 84 linhas ) ) . Depois volte para o separador 'Faceta / Filtro ' .
þþSi vous avez suivi notre exemple , cela devrait être ( Supprimer 84 lignes ) .þ
þþRemove 84 rowsþ
þþPuis revenez à l'onglet .þ
þþFacette / Filtreþ
The issue arose during the splitting operation on the pipe character , so there is a strong chance that whatever went wrong is linked to this character .þ| La cuestión surgió durante la operación de división con el carácter barra vertical , por lo que hay una gran probabilidad de que todo lo que salió mal esté vinculado a este carácter .þ| Le problème est survenu lors de l'opération de séparation sur le caractère , il y a donc de fortes chances que tout ce qui s'est mal passé soit lié à ce caractère . pipeþ| O problema surgiu durante a operação de divisão no caractere de barra vertical , portanto há uma grande probabilidade do que correu mal estar relacionado com esse caractere .
Let 's apply a filter on the Categories column by selecting | ' ' in the menu .þApliquemos un filtro en la columna Categorías seleccionando ' ' en el menú .þAppliquons un filtre dans la colonne en sélectionnant dans le menu . CategoriesþVamos aplicar um filtro na coluna Categorias ao selecionar ' ' no menu .
Text filterþFiltro de textoþFiltrer le texteþFiltro de texto
First type a single | in the field on the | left : OpenRefine informs you that there are 71,064 matching records ( i.e . records containing a pipe ) out of a total of 75,727 .þPrimero escribe un solo | en el campo de la izquierda : OpenRefine te informa que hay 71.064 registros coincidentes ( es decir , registros que contienen una barra vertical ) de un total de 75.727 .þEntrez tout d'abord un seul | dans le champ de gauche : OpenRefine vous informe qu'il y a 71 064 entrées correspondantes ( c'est-à-dire des entrées contenant un ) sur un total de 75 727 .þPrimeiro , digite um único | no campo da esquerda : o OpenRefine deverá informá-lo que existem 71,064 registos correspondentes ( i.e . registos que contenham uma barra vertical ) num total de 75,727 .
Cells that do not contain a pipe can be blank ones , but also cells containing a single category with no separator , such as record 29 which only has 'Scientific instruments ' .þLas celdas que no contienen una barra vertical pueden estar en blanco , pero también pueden ser celdas que contienen una sola categoría sin separador , como el registro 29 que sólo tiene 'Scientific instruments ' .þpipe Les cellules qui ne contiennent pas de peuvent être des cellules vides , mais aussi des cellules contenant une seule catégorie sans séparateur , comme l'enregistrement 29 qui n ' a que des `` Scientific instruments '' ( « instruments scientifiques » ) .þCélulas que não contenham a barra vertical podem ser células em branco ou células apenas com uma categoria , não tendo assim um separador . Tal como o registo 29 que apenas tem ' Scientific instruments ' ( Instrumentos científicos ) .
| Now enter a second | after the first one to get || ( double pipe ) : you | can see that 9 records are matching this pattern .þ| Ahora ingresa una segunda | después de la primera para obtener ` || `` ( doble barra vertical ) : podrás ver que 9 registros coinciden con este patrón .þpipe | Maintenant , entrez un second | après le premier de sorte à obtenir || ( double ) : vous pouvez voir que 9 entrées correspondent à ce modèle .þ| Agora insira um segundo '| ' depois do primeiro para obter '|| ' ( dupla barra vertical ) : poderá observar que existem 9 registos que correspondem a este padrão .
These are likely the 9 records guilty of our discrepancy : when OpenRefine splits these up , the double pipe is interpreted as a break between two records instead of a meaningless double separator .þEstos son probablemente los 9 registros culpables de nuestra discrepancia : cuando OpenRefine los divide la doble barra vertical se interpreta como una ruptura entre dos registros en lugar de un separador doble sin sentido .þpipe Ce sont probablement les 9 entrées responsables de notre discordance : lorsque OpenRefine les sépare , le double est interprété comme une rupture entre deux entrées au lieu d'un double séparateur sans signification .þEstes são , provavelmente , os 9 registos culpados pela nossa discrepância : quando o OpenRefine divide os registos , a dupla barra vertical é interpretada como uma quebra entre dois registos em vez de um separador duplo sem sentido .
Now how do we correct these values ?þY ahora , ¿cómo corregimos estos valores ?þpipe Maintenant , comment pouvons-nous corriger ces valeurs ?þAgora , como é que corrigimos estes valores ?
Go to the menu of the 'Categories ' field , and choose ' ' > ' '… .þVe al menú del campo 'Categorías ' y elije ' ' > ' ' .þAllez dans le menu du champ et choisissez > . CategoriesþVá ao menu do campo das categorias e escolha ' ' > ' … .
Edit cellsþEditar celdasþÉditer les cellulesþEditar células
TransformþTransformar ...þTransformer ...þTransformar
Welcome to the custom text tranform interface , a powerful functionality of OpenRefine using the OpenRefine Expression Language ( GREL ) .þBienvenido a la interfaz de transformación de texto personalizado , una potente funcionalidad de OpenRefine que usa el Lenguaje de Expresión OpenRefine ( GREL ) .þBienvenue dans l'interface de conversion de texte personnalisée , une fonctionnalité puissante d ' OpenRefine utilisant le langage GREL ( spécifique d ' OpenRefine ) .þBem-vindo à interface de transformação de texto personalizada , uma funcionalidade poderosa do OpenRefine que usa a Google Refine Expression Language ( GREL ) .
The word 'value ' in the text field represents the current value of each cell , which you can see below .þLa palabra 'valor ' en el campo de texto representa el valor actual de cada celda , que puedes ver a continuación .þLe mot « valeur » dans le champ texte représente la valeur actuelle de chaque cellule , que vous pouvez voir ci-dessous .þA palavra ' value ' ( valor ) no campo de texto representa o valor atual de cada célula , valor esse visível em baixo .
We can modify this value by applying functions to it ( see the GREL documentation for a full list ) .þPodemos modificar este valor aplicándole funciones ( véase la documentación de GREL para una lista completa ) .þNous pouvons modifier cette valeur en lui appliquant des fonctions ( voir la documentation GREL pour une liste complète ) .þPodemos modificar este valor ao aplicar-lhe funções ( ver a GREL documentation ( documentação da GREL , em inglês ) para uma lista completa ) .
In this case , we want to replace double pipes with a single pipe .þEn este caso , queremos reemplazar las barras verticales dobles por una sola .þDans ce cas , nous voulons remplacer les doubles par un seul . pipesþNeste caso , queremos substituir a dupla barra vertical por uma única barra .
This can be achieved by entering the following GREL expression ( be sure not to forget the quotes ) :þEsto puede lograrse introduciendo la siguiente expresión GREL ( asegúrate de no olvidar las comillas ) :þpipe Cela peut être réalisé en entrant l'expression GREL suivante ( assurez-vous de ne pas oublier les guillemets ) :þIsto pode ser realizado ao inserir a seguinte expressão GREL ( certifique-se que não se esquece das aspas ) :
þþ| value.replace ( '|| ' , '| ' ) |þ
Under the 'Expression ' text field , you get a preview of the modified values , with double pipes removed .þBajo el campo de texto 'Expression ' , obtienes una vista previa de los valores modificados , con las barras verticales dobles eliminadas .þSous le champ texte , vous obtenez un aperçu des valeurs modifiées , avec les doubles supprimés . ExpressionþEm baixo do campo de texto 'Expressão ' , terá uma pré-visualização dos valores modificados com as duplas barras verticais removidas .
Click and try again to split the categories with ' ' > ' ' , the number of records will now stay at 75,727 ( click the ' ' link to double-check ) .þHaz clic en y vuelve a intentar dividir las categorías con ' ' > ' ' , el número de registros se mantendrá ahora en 75.727 ( haz clic en el vínculo ' ' para realizar una doble comprobación ) .þpipes Cliquez sur et réessayez de fractionner les catégories avec > : le nombre d'entrées restera à 75 727 ( cliquez sur le lien pour vérifier une nouvelle fois ) .þClique em e tente dividir as categorias de novo com a opção ' ' > ' ' .
OKþAceptarþOKþOK
Edit cellsþEditar celdasþModifier les cellulesþEditar células
Split multi-valued cellsþDividir celdas multi-valuadas ...þDiviser les cellules multivaluéesþDividir células com múltiplos valores ...
þþþO número de registos ficará agora nos 75,727 ( clique no link ' ' para verificar ) .
recordsþregistrosþentréesþentradas
* * * Another issue that can be solved with the help of GREL is the problem of records for which the same category is listed twice .þ* * * Otro problema que se puede resolver con la ayuda de GREL es el problema de los registros para los que la misma categoría se enumera dos veces .þUn autre problème qui peut être résolu avec l'aide de GREL est celui des entrées pour lesquelles la même catégorie est listée deux fois .þ* * * Outro problema que pode ser resolvido com a ajuda da GREL é o dos registos para os quais a mesma categoria é listada duas vezes .
Take record 41 | for instance , whose categories are 'Models|Botanical specimens|Botanical | | Specimens|Didactic Displays|Models ' .þTomemos el registro 41 , por ejemplo , cuyas categorías son 'Models|Botanical specimens|Botanical Specimens|Didactic Displays|Models ' .þPrenez par exemple le cas 41 , dont les catégories sont . Models | Botanical specimens | Botanical Specimens | Didactic Displays | ModelsþObserve o registo 41 por exemplo , cujas categorias são ' Models|Botanical specimens|Botanical Specimens|Didactic Displays|Models ' ( Modelos|Espécimes botânicos|Espécimes Botânicos|Expositores Didáticos|Modelos ) .
The category 'Models ' appears twice | without any good reason , so we want to remove this duplicate .þLa categoría 'Models ' aparece dos veces sin ningún motivo , por lo que queremos eliminar este duplicado .þLa catégorie apparaît deux fois sans raison valable , nous voulons donc supprimer ce doublon . ModelsþA categoria ' Models ' aparece duas vezes sem nenhuma razão aparente , pelo que vamos querer remover esta duplicação .
þþCliquez sur le triangle et choisissez > > .þ
þþCategoriesþ
Click the Categories triangle and choose Edit cells , Join multi-valued cells , OK .þHaz clic en el triángulo del campo Categorías y elije Editar celdas , Unir celdas multi-valuadas , Aceptar .þÉditer les cellules Joindre les cellules multivaluéesþClique no triângulo da coluna das ' Categories ' e escolha 'Editar células ' , 'Unir células com múltiplos valores ' , OK .
þþOKþ
Choose the pipe character as a separator .þElije el carácter barra vertical como separador .þChoisissez le caractère comme séparateur . pipeþEscolha a barra vertical como separador .
Now the categories are listed as before .þAhora las categorías se listan como anteriormente .þMaintenant , les catégories sont listées comme avant .þAgora as categorias estão listadas como antes .
Then select ' ' > ' ' , also on the categories column .þLuego selecciona ' ' > ' ' , también en la columna de categorías .þSélectionnez ensuite > , également dans la colonne des catégories .þEm seguida selecione ' ' > ' ' , também na coluna das categorias .
Edit cellsþEditar celdasþÉditer les cellulesþEditar células
TransformþTransformarþTransformerþTransformar
Using GREL we can successively split the categories on the pipe character , look for unique categories and join them back again .þUtilizando GREL podemos dividir sucesivamente las categorías mediante el carácter barra vertical , buscar categorías únicas y unirlas de nuevo .þEn utilisant GREL , nous pouvons diviser successivement les catégories sur le caractère , rechercher des catégories uniques et les joindre à nouveau . pipeþAo usar a GREL podemos dividir sucessivamente as categorias na barra vertical , procurar categorias únicas e juntá-las de novo .
To achieve this , just type the following expression :þPara hacerlo , simplemente escribe la siguiente expresión :þPour ce faire , tapez simplement l'expression suivante :þPara isso , basta digitar a seguinte expressão :
þþ| value.split ( '| ' ) .uniques ( ) .join ( '| ' ) |þ
You will notice that 33,008 cells are affected , more than half the collection .þNotarás que 32.599 celdas están afectadas , más de la mitad de la colección .þVous remarquerez que 33 008 cellules sont concernées , soit plus de la moitié de la collection .þAo fazê-lo irá reparar que 33.006 células foram afetadas , mais de metade da coleção .
Exporting your cleaned dataþExportación de tus datos limpiosþExporter vos données nettoyéesþExportação dos seus dados limpos
Since you first loaded your data into OpenRefine , all cleaning operations have been performed in the software memory , leaving your original data set untouched .þDesde que cargaste tus datos por primera vez en OpenRefine , todas las operaciones de limpieza se han realizado en la memoria del programa , dejando intacto el conjunto original de datos .þDepuis que vous avez chargé vos données dans OpenRefine , toutes les opérations de nettoyage ont été effectuées dans la mémoire du logiciel , laissant votre jeu de données d'origine intact .þDesde que carregou os seus dados no OpenRefine , todas as operações de limpeza foram executadas na memória do software , deixando os dados originais intocados .
If you want to save the data that you have been cleaning , you need to export them by clicking on the ' ' menu top-right of the screen .þSi deseas guardar los datos que has estado limpiando debes exportarlos haciendo clic en el menú ' ' en la parte superior derecha de la pantalla .þSi vous voulez enregistrer les données que vous avez nettoyées , vous devez les exporter en cliquant sur le menu en haut à droite de l'écran .þSe desejar salvar os dados que limpou , terá de os exportar ao clicar no menu ' ' no canto superior direito do ecrã .
ExportþExportarþExporterþExportar
OpenRefine supports a large variety of formats , such as CSV , HTML or Excel : select whatever suits you best or add your own export template by clicking 'Templating ' .þOpenRefine soporta una gran variedad de formatos , como CSV , HTML o Excel : selecciona lo que mejor te convenga o añade tu propia plantilla de exportación haciendo clic en 'Plantilla ' .þOpenRefine prend en charge une grande variété de formats , tels que CSV , HTML ou Excel : sélectionnez ce qui vous convient le mieux ou ajoutez votre propre modèle d'exportation en cliquant sur . TemplatingþO OpenRefine suporta uma larga variedade de formatos , tais como CSV ( em inglês ) , HTML ou Excel : selecione o que melhor se adapta a si e acrescente o seu próprio modelo de exportação ao clicar 'Criando modelo ' .
You can also export your project in the internal OpenRefine format in order to share it with others .þTambién puedes exportar tu proyecto en el formato interno de OpenRefine para compartirlo con otras personas .þVous pouvez également exporter votre projet au format OpenRefine interne afin de le partager avec d'autres utilisateurs .þPoderá também exportar o seu projeto num formato interno do OpenRefine de modo a partilhá-lo com os outros .
Building on top of your cleaned dataþConstruir sobre tus datos limpiosþPour aller plus loin avec vos données nettoyéesþConstrução sob os dados limpos
Once your data has been cleaned , you can take the next step and explore other exciting features of OpenRefine .þUna vez que tus datos han sido limpiados , puedes dar el siguiente paso y explorar otras características interesantes de OpenRefine .þUne fois vos données nettoyées , vous pouvez passer à l'étape suivante et explorer d'autres fonctionnalités intéressantes d ' OpenRefine .þDepois de limpar os seus dados , poderá dar o próximo passo e explorar outros recursos interessantes do OpenRefine .
The user community of OpenRefine has developed two particularly interesting extensions which allow you to link your data to data that has already been published on the Web .þLa comunidad de usuarios de OpenRefine ha desarrollado dos extensiones particularmente interesantes que te permiten vincular tus datos a datos que ya se han publicado en la Web .þLa communauté d'utilisateurs d ' OpenRefine a développé deux extensions particulièrement utiles qui vous permettent de lier vos données à des données déjà publiées sur le Web .þA comunidade de utilizadores do OpenRefine desenvolveu duas interessantes extensões que permitem ligar os seus dados a dados que já foram publicados na web .
The RDF Transform extension transforms plaintext keywords into URLs .þLa extensión RDF Transform transforma las palabras clave de texto sin formato en URLs .þL ' extension RDF Transform transforme les mots-clés en texte brut en URL .þA RDF Transform extension ( em inglês ) transforma palavras-chave de texto simples em URLs .
The NER extension allows you to apply named-entity recognition ( NER ) , which identifies keywords in flowing text and gives them a URL .þLa extensión NER te permite aplicar el reconocimiento de nombres de entidades ( NER ) , que identifica palabras clave en el texto de los campos textuales y les inserta una URL .þL ' extension NER vous permet d'appliquer la reconnaissance des entités nommées , qui identifie les mots-clés dans un texte et leur donne une URL .þA NER extension ( em inglês ) permite ao usuário aplicar a named-entity recognition ( NER ) que identifica palavras chave em texto corrido e atribui-lhes um URL .
ConclusionsþConclusionesþConclusionþConclusões
If you only remember on thing from this lesson , it should be this : all data is dirty , but you can do something about it . As we have shown here , there is already a lot you can do yourself to increase data quality significantly .þSi sólo recordaras una cosa de esta lección , debería ser lo siguiente : todos los datos están sucios , pero tú puedes hacer algo para remediarlo . Como te hemos mostrado , hay ya bastantes cosas que puedes hacer tú mismo para aumentar significativamente la calidad de los datos .þSi vous devez vous souvenir d'une seule chose de ce cours , ce doit être celle-ci : toutes les données sont sales , mais vous pouvez y faire quelque chose . Comme nous l'avons montré ici , il y a déjà beaucoup de choses que vous pouvez faire par vous-mêmes pour améliorer la qualité de vos données .þSe apenas se lembrar de uma coisa desta lição , deverá ser o seguinte : Todos os dados são sujos , mas poderá fazer algo quanto a isso . Tal como mostrámos aqui , já existe muito que pode ser feito para aumentar significativamente a qualidade dos dados .
First of all , you have learned how you can get a quick overview of how many empty values your dataset contains and how often a particular value ( e.g . a keyword ) is used throughout a collection .þEn primer lugar , has aprendido cómo puedes obtener una panorámica rápida de cuántos valores vacíos contiene tu conjunto de datos y con qué frecuencia se utiliza un valor determinado ( por ejemplo , una palabra clave ) en toda una colección .þVous avez ainsi appris comment avoir un rapide aperçu du nombre de valeurs vides que contient votre jeu de données et à quelle fréquence une valeur particulière ( par exemple un mot-clé ) est utilisée dans une collection .þEm primeiro lugar , aprendemos como é que podemos ter uma visão geral e rápida de quantos valores vazios existem no nosso data set e com que frequência é que um valor particular ( e.g . uma palavra-chave ) é usada ao longo da coleção .
This lessons also demonstrated how to solve recurrent issues such as duplicates and spelling inconsistencies in an automated manner with the help of OpenRefine .þEstas lecciones también han demostrado cómo resolver problemas recurrentes tales como duplicados e inconsistencias ortográficas de forma automatizada con la ayuda de OpenRefine .þCes cours vous ont également montré comment résoudre des problèmes récurrents tels que les doublons et les incohérences orthographiques de manière automatisée à l'aide d ' OpenRefine .þEsta lição também demonstra como resolver problemas recorrentes , tais como duplicações e inconsistências ortográficas de maneira automática com a ajuda do OpenRefine .
Do n't hesitate to experiment with the cleaning features , as you 're performing these steps on a copy of your data set , and OpenRefine allows you to trace back all of your steps in the case you have made an error .þNo dudes en experimentar con las funciones de limpieza , ya que estás realizando estos pasos en una copia de tu conjunto de datos , y OpenRefine te permite rastrear todos tus pasos ( y volver atrás ) en el caso de que hayas cometido un error . Notas de la traductoraþþNão hesite em experimentar as ferramentas de limpeza enquanto executa estas etapas numa cópia dos seus data sets , já que o OpenRefine permite-lhe rastrear e refazer todos os passos caso tenha cometido um erro .
